City_ID,City,Lat,Lng,Max Temp,Humidity,Cloudiness,Wind Speed,Country,Date
0,punta arenas,-53.15,-70.9167,11.06,54,75,16.98,CL,1733158399
1,west island,-12.1568,96.8225,27.99,94,100,2.57,CC,1733158400
2,dampit,-8.2116,112.7493,22.48,98,100,0.55,ID,1733158402
3,port shepstone,-30.7414,30.455,21.1,81,100,2.58,ZA,1733158403
4,brokopondo,4.75,-55.1667,29.81,62,99,3.72,SR,1733158404
5,sosnovo-ozerskoye,52.5249,111.5418,-27.98,99,51,1.67,RU,1733158405
6,grytviken,-54.2811,-36.5092,2.21,100,100,1.15,GS,1733158406
7,chipinge,-20.1883,32.6236,20.96,45,0,3.0,ZW,1733158409
8,waitangi,-43.9535,-176.5597,12.12,90,87,2.24,NZ,1733158410
9,georgetown,5.4112,100.3354,26.96,84,20,2.24,MY,1733158230
10,barra de santo antonio,-9.4047,-35.5072,27.77,70,47,6.21,BR,1733158412
11,kununurra,-15.7667,128.7333,28.99,89,100,3.09,AU,1733158413
12,porto velho,-8.7619,-63.9039,33.03,52,40,3.6,BR,1733158414
13,itoman,26.1247,127.6694,20.01,73,20,2.57,JP,1733158415
14,lulea,65.5842,22.1547,-0.96,59,0,3.6,SE,1733158416
15,brookings,44.3114,-96.7984,-10.86,86,100,5.66,US,1733158418
16,adamstown,-25.066,-130.1015,23.07,83,98,5.95,PN,1733158419
17,margaret river,-33.95,115.0667,16.6,81,100,5.49,AU,1733158420
18,blackmans bay,-43.0167,147.3167,14.29,92,79,0.89,AU,1733158421
19,likiep,9.8251,169.3107,27.68,77,100,10.38,MH,1733158422
20,ushuaia,-54.8,-68.3,6.81,81,100,8.75,AR,1733158409
21,camiri,-20.05,-63.5167,24.88,65,100,2.57,BO,1733158425
22,el triunfo,-1.9333,-79.9667,33.02,39,13,1.06,EC,1733158426
23,tazovsky,67.4667,78.7,-14.2,93,100,4.35,RU,1733158427
24,vilyuchinsk,52.9306,158.4028,6.15,98,100,4.34,RU,1733158428
25,port mathurin,-19.6833,63.4167,25.11,73,8,7.16,MU,1733158429
26,vorgashor,67.5833,63.95,-9.14,94,100,3.72,RU,1733158430
27,new norfolk,-42.7826,147.0587,14.95,90,96,0.99,AU,1733158431
28,port blair,11.6667,92.75,27.02,78,40,1.54,IN,1733158432
29,tura,25.5198,90.2201,15.95,89,0,1.64,IN,1733158434
30,tual,-5.6667,132.75,29.03,73,100,2.1,ID,1733158435
31,bardai,11.65,7.2333,23.37,22,49,3.7,NG,1733158436
32,st. john's,47.5649,-52.7093,6.75,87,54,2.24,CA,1733158293
33,invercargill,-46.4,168.35,14.45,94,100,0.89,NZ,1733158438
34,misratah,32.3754,15.0925,18.51,63,44,8.11,LY,1733158439
35,hawaiian paradise park,19.5933,-154.9731,18.74,97,0,2.06,US,1733158442
36,akureyri,65.6835,-18.0878,-16.04,78,40,1.54,IS,1733158443
37,longyearbyen,78.2186,15.6401,-12.09,67,40,5.66,SJ,1733158359
38,hithadhoo,-0.6,73.0833,27.27,80,100,9.01,MV,1733158445
39,nampula,-15.1165,39.2666,28.97,34,0,2.68,MZ,1733158446
40,carnarvon,-24.8667,113.6333,20.68,67,0,6.61,AU,1733158448
41,san patricio,28.017,-97.5169,18.97,54,100,6.14,US,1733158449
42,port-aux-francais,-49.35,70.2167,6.25,96,89,10.07,TF,1733158450
43,olonkinbyen,70.9221,-8.7187,-9.53,62,100,5.75,SJ,1733158451
44,toliara,-23.35,43.6667,27.04,71,47,6.13,MG,1733158452
45,waverly,42.7392,-84.6208,-0.59,77,0,3.6,US,1733158453
46,ilulissat,69.2167,-51.1,-11.99,72,75,1.03,GL,1733158454
47,hermanus,-34.4187,19.2345,21.0,83,64,6.63,ZA,1733158455
48,tofol,5.3248,163.0078,26.62,88,94,6.24,FM,1733158457
49,lihue,21.9789,-159.3672,23.77,73,75,3.6,US,1733158458
50,gadzhiyevo,69.2551,33.3362,-3.1,93,62,10.62,RU,1733158459
51,korsakov,46.6328,142.7813,-0.09,90,100,10.24,RU,1733158460
52,huaral,-11.495,-77.2078,23.59,65,100,3.99,PE,1733158461
53,mukalla,14.5425,49.1242,24.91,74,28,0.34,YE,1733158462
54,anadyr,64.75,177.4833,-14.72,92,0,1.0,RU,1733158463
55,jamestown,42.097,-79.2353,-1.1,95,100,5.81,US,1733158465
56,namibe,-15.1961,12.1522,22.0,76,63,4.22,AO,1733158466
57,albany,42.6001,-73.9662,0.51,64,47,2.24,US,1733158192
58,kondagaon,19.6,81.6667,19.03,96,31,1.93,IN,1733158469
59,vernon,50.2581,-119.2691,0.8,76,19,0.45,CA,1733158215
60,varash,51.3485,25.8497,1.05,90,5,4.06,UA,1733158471
61,hasaki,35.7333,140.8333,15.75,64,14,3.61,JP,1733158473
62,cidreira,-30.1811,-50.2056,23.72,55,100,4.4,BR,1733158474
63,naters,46.3254,7.9891,4.96,84,80,1.16,CH,1733158475
64,puerto ayora,-0.7393,-90.3518,22.67,79,87,4.41,EC,1733158476
65,jaffa,32.0504,34.7522,16.72,67,0,1.03,IL,1733158477
66,broome,42.2506,-75.833,0.35,79,100,3.6,US,1733158478
67,fort bragg,35.139,-79.006,7.6,38,0,4.63,US,1733158480
68,kohtla-jarve,59.3986,27.2731,2.36,85,83,6.59,EE,1733158481
69,tazacorte,28.629,-17.9293,22.86,67,40,5.81,ES,1733158482
70,isafjordur,66.0755,-23.124,-5.98,63,20,3.6,IS,1733158483
71,gilgit,35.9221,74.3087,4.24,57,85,0.89,PK,1733158484
72,aquin,18.2833,-73.4,28.62,69,94,1.48,HT,1733158485
73,hadibu,12.65,54.0333,25.37,65,8,4.74,YE,1733158486
74,puerto natales,-51.7236,-72.4875,12.25,47,75,11.83,CL,1733158277
75,fengtai,39.5581,117.7492,-1.41,28,7,2.51,CN,1733158489
76,colonia,50.9333,6.95,10.54,84,75,4.12,DE,1733158490
77,edinburgh of the seven seas,-37.0676,-12.3116,15.67,87,98,10.86,SH,1733158491
78,taboshar,40.5686,69.6413,-1.13,74,18,1.65,TJ,1733158492
79,port elizabeth,-33.918,25.5701,22.16,77,0,3.09,ZA,1733158493
80,mahina,-17.5065,-149.489,27.87,74,20,2.57,PF,1733158494
81,aasiaat,68.7098,-52.8699,-13.9,82,100,2.16,GL,1733158495
82,yerofey pavlovich,53.9667,121.9667,-18.82,88,100,1.92,RU,1733158497
83,mana,5.6592,-53.7767,28.4,70,100,5.18,GF,1733158498
84,udachny,66.4167,112.4,-31.32,82,12,2.96,RU,1733158499
85,fisterra,42.9049,-9.2629,14.21,71,97,6.02,ES,1733158500
86,enewetak,11.3474,162.3373,27.79,79,60,10.85,MH,1733158501
87,tsiombe,-25.3,45.4833,24.2,82,25,5.69,MG,1733158504
88,nemuro,43.3236,145.575,8.43,77,96,7.71,JP,1733158505
89,iqaluit,63.7506,-68.5145,-25.15,69,20,9.77,CA,1733158506
90,slobodskoy,58.7322,50.1772,1.55,95,100,4.66,RU,1733158507
91,thompson,55.7435,-97.8558,-26.91,76,40,2.06,CA,1733158508
92,el copey,10.1503,-73.9614,30.81,65,100,0.5,CO,1733158510
93,chonchi,-42.6128,-73.8092,15.07,47,88,2.12,CL,1733158511
94,belyy yar,53.6039,91.3903,-7.06,93,100,0.0,RU,1733158513
95,minas de marcona,-15.2119,-75.1103,20.33,62,98,6.73,PE,1733158514
96,seririt,-8.1928,114.9388,25.81,94,99,2.56,ID,1733158515
97,reyes,-14.3167,-67.3833,33.09,58,40,6.17,BO,1733158516
98,shizuishan,39.2333,106.7694,-2.5,41,50,1.27,CN,1733158517
99,magadan,59.5667,150.8,-4.49,74,95,5.55,RU,1733158518
100,wailua homesteads,22.0669,-159.378,23.44,73,75,3.6,US,1733158520
101,klyuchi,52.2667,79.1667,-12.87,97,49,2.58,RU,1733158521
102,puerto madryn,-42.7692,-65.0385,15.54,31,80,11.23,AR,1733158384
103,san antonio de pale,-1.4014,5.6325,26.67,80,17,4.05,GQ,1733158523
104,medina,24.4686,39.6142,24.24,23,0,2.06,SA,1733158524
105,avarua,-21.2078,-159.775,22.03,94,100,1.03,CK,1733158526
106,tiksi,71.6872,128.8694,-23.34,99,68,1.9,RU,1733158527
107,nicoya,10.1483,-85.452,27.03,76,98,4.78,CR,1733158528
108,hastings,50.8552,0.5729,8.86,79,38,8.15,GB,1733158347
109,ouadda,8.0777,22.4007,24.45,29,1,1.21,CF,1733158530
110,horta,38.5333,-28.6333,21.12,78,40,6.17,PT,1733158531
111,tral,33.9333,75.1,5.38,41,0,2.52,IN,1733158532
112,banda aceh,5.5577,95.3222,25.78,83,97,2.83,ID,1733158533
113,madimba,-10.4,40.3333,25.95,76,31,2.58,TZ,1733158535
114,east london,-33.0153,27.9116,21.52,68,20,4.12,ZA,1733158536
115,as sulayyil,20.4607,45.5779,20.17,37,3,5.51,SA,1733158537
116,taroa,8.7058,171.2275,27.44,81,100,9.83,MH,1733158538
117,bethel,41.3712,-73.414,2.74,57,0,3.6,US,1733158461
118,moraga,37.8349,-122.1297,13.57,64,20,1.54,US,1733158541
119,howrah,22.5892,88.3103,22.0,73,40,0.0,IN,1733158542
120,hamilton,39.1834,-84.5333,-0.2,60,0,3.6,US,1733158169
121,kamaishi,39.2667,141.8833,6.5,82,21,3.6,JP,1733158545
122,mareeba,-17.0,145.4333,22.91,92,45,1.07,AU,1733158546
123,kerikeri,-35.2268,173.9474,12.73,94,100,0.64,NZ,1733158547
124,mulchen,-37.7167,-72.2333,20.74,22,0,4.17,CL,1733158469
125,sinabang,2.4803,96.3801,23.72,91,100,4.38,ID,1733158549
126,saipan,15.1355,145.701,29.39,82,40,9.26,MP,1733158550
127,vorkuta,67.5,64.0,-9.07,94,100,3.15,RU,1733158551
128,nabire,-3.3667,135.4833,23.91,95,100,2.52,ID,1733158553
129,keflavik,64.0049,-22.5624,1.24,93,100,14.4,IS,1733158554
130,undurkhaan,47.3194,110.6556,-13.32,62,0,1.51,MN,1733158404
131,labuan,5.2767,115.2417,28.2,83,20,1.03,MY,1733158556
132,harper,4.375,-7.7169,28.16,68,20,3.98,LR,1733158557
133,shingu,33.7333,135.9833,11.09,88,1,2.46,JP,1733158558
134,san pedro pochutla,15.7333,-96.4667,31.51,45,80,2.01,MX,1733158536
135,santana,-0.0583,-51.1817,32.1,58,75,6.17,BR,1733158560
136,ibanda,0.9268,29.856,18.44,75,87,0.25,CD,1733158561
137,kavaratti,10.5669,72.642,27.58,71,100,7.03,IN,1733158563
138,papatowai,-46.5619,169.4708,13.06,93,100,3.39,NZ,1733158564
139,pangody,65.85,74.4859,-17.19,90,29,5.25,RU,1733158565
140,oulad teima,30.3947,-9.209,26.6,23,15,5.18,MA,1733158566
141,zhigalovo,54.8097,105.1578,-33.38,100,25,0.7,RU,1733158568
142,gimbi,9.1667,35.8333,14.94,75,27,0.64,ET,1733158569
143,patnanungan,14.7833,122.1833,26.38,88,100,6.9,PH,1733158570
144,zaragoza,41.6561,-0.8773,11.25,93,62,2.06,ES,1733158412
145,madison,34.7334,-86.5667,4.32,57,0,1.54,US,1733158291
146,vila franca do campo,37.7167,-25.4333,18.27,99,58,0.98,PT,1733158573
147,luderitz,-26.6481,15.1594,22.23,57,95,14.2,NA,1733158574
148,al artawiyah,26.5053,45.3444,15.11,43,3,5.52,SA,1733158576
149,bilibino,68.0546,166.4372,-17.95,99,100,0.36,RU,1733158577
150,kapuskasing,49.4169,-82.4331,-1.95,93,100,6.69,CA,1733158578
151,razdol'noye,45.7708,33.4878,2.17,89,3,3.98,UA,1733158579
152,utrik,11.2278,169.8474,28.05,73,97,9.88,MH,1733158580
153,ribeira grande,38.5167,-28.7,21.54,77,40,6.17,PT,1733158581
154,tolanaro,-25.0319,46.9987,26.04,78,20,10.29,MG,1733158582
155,kodiak,57.79,-152.4072,1.73,93,100,3.09,US,1733158583
156,waingapu,-9.6567,120.2641,27.99,79,96,1.86,ID,1733158585
157,villa mercedes,-33.6757,-65.4578,22.96,19,1,2.25,AR,1733158586
158,portland,45.5234,-122.6762,4.34,85,69,4.92,US,1733158496
159,yenotayevka,47.2456,47.0281,1.2,64,100,3.28,RU,1733158588
160,fayroz koh,34.5195,65.2509,0.17,59,15,2.57,AF,1733158589
161,anadarko,35.0726,-98.2437,6.91,50,0,3.33,US,1733158590
162,kodinsk,58.6881,99.1844,-14.34,95,100,1.86,RU,1733158591
163,maracacume,-2.0428,-45.9592,32.36,44,80,2.95,BR,1733158592
164,alo,6.5486,4.2686,27.88,68,4,4.86,NG,1733158594
165,mezhdurechenskiy,59.6,65.9333,-2.84,92,100,3.75,RU,1733158595
166,yellowknife,62.456,-114.3525,-19.71,77,75,6.69,CA,1733158537
167,saint-mihiel,48.8875,5.551,10.14,89,100,5.49,FR,1733158597
168,colesberg,-30.72,25.0972,25.87,15,55,4.72,ZA,1733158598
169,weno,7.4515,151.8468,28.8,78,48,4.37,FM,1733158599
170,yuzhno-kurilsk,44.0306,145.8556,6.31,83,99,7.28,RU,1733158600
171,fochville,-26.4886,27.4939,25.85,12,86,2.67,ZA,1733158601
172,ulsteinvik,62.3432,5.8487,2.64,83,99,4.02,NO,1733158603
173,ust-nera,64.5667,143.2,-23.05,100,69,1.39,RU,1733158604
174,aykhal,66.0,111.5,-27.5,78,8,4.39,RU,1733158605
175,nouadhibou,20.931,-17.0347,29.99,14,1,2.57,MR,1733158606
176,de aar,-30.6497,24.0123,26.41,15,40,4.21,ZA,1733158607
177,al markaz,25.4,49.7333,17.33,51,0,3.7,SA,1733158608
178,iwanai,42.9744,140.5089,6.42,99,100,3.12,JP,1733158609
179,turpan,42.9333,89.1667,3.59,40,100,0.99,CN,1733158610
180,happy valley-goose bay,53.3168,-60.3315,-0.83,69,75,4.12,CA,1733158612
181,whitehorse,60.7161,-135.0538,-18.57,78,100,1.54,CA,1733158613
182,rasony,55.9089,28.8126,1.69,90,5,4.56,BY,1733158614
183,diego de almagro,-26.3667,-70.05,28.93,16,8,5.98,CL,1733158615
184,senanga,-16.1167,23.2667,29.44,17,5,2.0,ZM,1733158617
185,whitecourt,54.1502,-115.6855,-14.42,78,75,3.09,CA,1733158381
186,saint-etienne-au-mont,50.6779,1.6308,9.91,80,75,5.14,FR,1733158619
187,novodvinsk,64.4165,40.8122,4.86,88,100,6.32,RU,1733158621
188,huarmey,-10.0681,-78.1522,22.61,74,30,3.76,PE,1733158622
189,fort dodge,42.4975,-94.168,-8.0,81,100,4.63,US,1733158623
190,usakos,-22.0,15.6,30.77,14,0,7.02,NA,1733158624
191,fes al bali,34.0701,-4.9547,24.07,28,40,2.57,MA,1733158625
192,barah,13.7,30.3667,22.19,17,5,5.03,SD,1733158627
193,lago da pedra,-4.3333,-45.1667,34.7,38,48,3.14,BR,1733158629
194,sitka,57.0531,-135.33,9.94,87,100,4.12,US,1733158630
195,lebu,-37.6167,-73.65,13.17,62,1,10.01,CL,1733158631
196,dudinka,69.4058,86.1778,-10.92,93,100,6.24,RU,1733158632
197,petropavlovsk-kamchatsky,53.0452,158.6483,5.33,52,75,3.0,RU,1733158633
198,island harbour,50.724,-1.2758,9.04,63,35,3.13,GB,1733158636
199,tralee,52.2704,-9.7026,7.14,87,0,1.54,IE,1733158637
200,ugoofaaru,5.6667,73.0,27.44,78,83,8.0,MV,1733158638
201,atafu village,-8.5421,-172.5159,27.96,77,41,7.35,TK,1733158639
202,caburan,5.9181,125.6411,25.05,82,99,2.64,PH,1733158640
203,hagere maryam,5.6333,38.2333,14.71,56,16,1.9,ET,1733158641
204,rawai,7.7797,98.3253,27.31,76,100,4.66,TH,1733158642
205,karachi,24.9056,67.0822,22.9,40,0,2.06,PK,1733158421
206,puerto leguizamo,-0.1934,-74.7819,30.18,62,65,3.08,CO,1733158645
207,port alfred,-33.5906,26.891,21.21,79,76,0.45,ZA,1733158646
208,urengoy,65.9667,78.3667,-16.66,91,89,4.98,RU,1733158647
209,christchurch,-43.5333,172.6333,14.39,91,20,2.06,NZ,1733158026
210,lazaro cardenas,17.9583,-102.2,28.2,58,0,1.43,MX,1733158530
211,grantsville,40.5999,-112.4644,3.49,74,0,0.45,US,1733158650
212,mpongwe,-13.5091,28.155,23.59,23,2,2.78,ZM,1733158651
213,villa emilio carranza,19.9667,-96.6,26.16,67,1,3.62,MX,1733158653
214,awjilah,29.1081,21.2869,16.75,38,4,3.51,LY,1733158654
215,eagle point,42.4726,-122.8028,-0.99,93,100,0.0,US,1733158655
216,bredasdorp,-34.5322,20.0403,20.93,71,73,7.02,ZA,1733158657
217,la libertad,-2.2333,-80.9,25.81,73,40,4.63,EC,1733158658
218,port augusta,-32.5,137.7667,21.1,65,39,3.08,AU,1733158659
219,afaahiti,-17.75,-149.2833,25.95,80,95,6.7,PF,1733158660
220,bastrop,32.7562,-91.8724,10.94,50,0,0.0,US,1733158662
221,park city,42.3484,-87.8842,-4.69,75,100,3.6,US,1733158601
222,crieff,56.3727,-3.8389,2.64,80,27,1.76,GB,1733158664
223,midelt,32.6852,-4.7451,14.6,33,94,0.76,MA,1733158665
224,quelimane,-17.8786,36.8883,26.97,69,20,3.6,MZ,1733158666
225,al ghayzah,16.2079,52.176,25.51,58,83,3.36,YE,1733158667
226,kuhdasht,33.535,47.6061,8.13,38,19,1.64,IR,1733158668
227,oguzeli,36.9657,37.5134,4.99,56,0,2.06,TR,1733158669
228,nar'yan-mar,67.6713,53.087,0.77,98,100,8.27,RU,1733158671
229,manukan,8.5333,123.1,25.97,89,98,1.28,PH,1733158672
230,al hasakah,36.5024,40.7477,10.76,36,6,1.38,SY,1733158673
231,pico truncado,-46.7949,-67.9573,15.5,20,80,6.47,AR,1733158674
232,kirillov,59.863,38.3813,-0.47,88,58,4.25,RU,1733158675
233,grand falls-windsor,48.9332,-55.6649,4.17,74,33,2.24,CA,1733158676
234,dornstadt,48.467,9.9443,6.91,88,88,2.63,DE,1733158677
235,kingston,17.997,-76.7936,30.09,70,20,2.57,JM,1733158444
236,new plymouth,-39.0667,174.0833,16.56,100,99,1.48,NZ,1733158679
237,lata,40.1629,-8.3327,13.17,85,35,1.75,PT,1733158681
238,purpe,64.4803,76.6897,-18.46,95,64,4.97,RU,1733158682
239,la passe,45.5549,-0.8967,11.79,83,8,4.0,FR,1733158683
240,eduardo castex,-35.915,-64.2945,24.32,16,2,9.57,AR,1733158684
241,durban,-29.8579,31.0292,21.51,86,100,6.82,ZA,1733158685
242,omdurman,15.6445,32.4777,26.29,14,12,4.97,SD,1733158686
243,tyumen,57.1522,65.5272,0.05,80,75,5.0,RU,1733158689
244,luau,-10.7073,22.2247,22.04,70,8,1.98,AO,1733158498
245,ninghai,29.2892,121.4247,12.67,80,0,1.65,CN,1733158691
246,berezovyy,51.6667,135.7,-10.37,96,100,0.76,RU,1733158692
247,alta,69.9689,23.2717,-2.41,86,75,3.6,NO,1733158451
248,arraial do cabo,-22.9661,-42.0278,34.98,58,0,5.66,BR,1733158579
249,acarau,-2.8856,-40.12,31.16,53,64,7.16,BR,1733158695
250,zalingei,12.9096,23.4741,23.42,16,4,3.03,SD,1733158696
251,sisimiut,66.9395,-53.6735,-7.75,76,100,3.44,GL,1733158698
252,geraldton,-28.7667,114.6,18.23,68,75,2.57,AU,1733158699
253,ejea de los caballeros,42.1263,-1.1372,9.12,68,43,3.71,ES,1733158701
254,kristinestad,62.2743,21.376,0.72,91,100,5.79,FI,1733158702
255,port-vila,-17.7338,168.3219,21.78,100,20,1.03,VU,1733158703
256,egilsstadir,65.2653,-14.3948,-17.05,78,75,2.06,IS,1733158704
257,northam,51.0333,-4.2167,7.56,78,80,8.75,GB,1733158706
258,alghero,40.5589,8.3181,15.05,82,40,1.54,IT,1733158569
259,guerrero,17.6667,-100.0,25.49,29,0,2.42,MX,1733158703
260,midvagur,62.0511,-7.1939,-1.54,69,75,1.54,FO,1733158709
261,kirkwall,58.9848,-2.9587,4.03,65,40,7.2,GB,1733158710
262,alice springs,-23.7,133.8833,25.75,69,41,4.12,AU,1733158711
263,piti village,13.4626,144.6933,28.03,92,40,4.12,GU,1733158712
264,apia,-13.8333,-171.7667,23.95,75,95,7.44,WS,1733158713
265,hinton,53.4001,-117.5857,-1.76,88,92,3.6,CA,1733158715
266,naze,28.3667,129.4833,16.51,65,0,3.12,JP,1733158716
267,kimbe,-5.5502,150.1429,24.56,93,40,1.19,PG,1733158717
268,qaqortoq,60.7167,-46.0333,-2.6,93,100,2.84,GL,1733158718
269,bad iburg,52.1549,8.0422,9.51,90,94,5.58,DE,1733158719
270,luanda,-8.8368,13.2343,29.0,74,40,4.63,AO,1733158696
271,bonthe,7.5264,-12.505,29.14,66,18,5.18,SL,1733158721
272,twon-brass,4.3151,6.2418,28.45,75,56,6.75,NG,1733158722
273,suntar,62.1444,117.6319,-25.37,94,99,1.81,RU,1733158724
274,guixi,28.2886,117.2133,13.95,64,0,2.76,CN,1733158725
275,kudahuvadhoo,2.6708,72.8944,27.9,75,100,8.27,MV,1733158726
276,nova sintra,14.8667,-24.7167,25.54,65,58,10.35,CV,1733158727
277,gaspe,48.8334,-64.4819,-1.88,64,20,3.09,CA,1733158728
278,dadukou,26.5479,101.7054,10.84,80,0,0.66,CN,1733158729
279,east ballina,-28.8667,153.5833,22.78,92,4,5.29,AU,1733158730
280,nenjiang,49.1833,125.2167,-29.7,97,98,1.52,CN,1733158732
281,stornoway,58.2093,-6.3865,4.98,82,75,5.66,GB,1733158733
282,puerto baquerizo moreno,-0.9,-89.6,24.55,73,75,6.17,EC,1733158734
283,santa elena de uairen,4.6167,-61.1333,26.26,59,51,2.54,VE,1733158735
284,sao jose da coroa grande,-8.8978,-35.1478,28.13,69,45,6.35,BR,1733158736
285,nogliki,51.8333,143.1667,-1.86,82,96,8.57,RU,1733158737
286,setif,36.1911,5.4137,14.45,51,40,3.6,DZ,1733158739
287,yanchep,-31.55,115.6833,15.27,76,23,1.91,AU,1733158740
288,san andres,12.5847,-81.7006,29.01,84,20,8.23,CO,1733158608
289,muisne,0.6,-80.0333,26.14,73,96,5.44,EC,1733158742
290,rahimatpur,17.6,74.2,24.26,71,89,5.03,IN,1733158743
291,malango,-2.9627,119.9001,19.69,99,99,1.11,ID,1733158744
292,lerwick,60.1545,-1.1494,2.47,64,98,9.5,GB,1733158745
293,mbandaka,0.0487,18.2603,26.73,62,98,0.8,CD,1733158746
294,acapulco de juarez,16.8634,-99.8901,27.9,65,40,3.09,MX,1733158748
295,oodweyne,9.4092,45.064,22.01,54,3,5.91,SO,1733158749
296,victoria point,-27.5833,153.3,24.95,88,19,3.0,AU,1733158750
297,ancud,-41.8697,-73.8203,13.82,54,32,5.62,CL,1733158751
298,sogod,10.3847,124.9814,25.02,97,45,0.82,PH,1733158752
299,kolonia,50.9333,6.95,10.54,84,75,4.12,DE,1733158753
300,tobruk,32.0836,23.9764,19.05,55,34,7.57,LY,1733158754
301,fale old settlement,-9.3852,-171.2468,27.39,80,42,6.81,TK,1733158755
302,zhosaly,45.4878,64.0781,-0.66,63,3,2.77,KZ,1733158757
303,polyarnyy,69.1989,33.4478,-3.84,92,67,11.92,RU,1733158758
304,pacific grove,36.6177,-121.9166,14.49,86,16,1.34,US,1733158759
305,piacabucu,-10.4056,-36.4344,29.16,65,40,6.98,BR,1733158760
306,thunder bay,48.4001,-89.3168,-5.01,74,75,4.63,CA,1733158604
307,marysville,48.0518,-122.1771,2.97,96,100,0.0,US,1733158675
308,college,64.8569,-147.8028,-20.86,79,0,0.0,US,1733158763
309,pershore,52.1116,-2.0759,9.15,89,95,0.45,GB,1733158765
310,westport,41.1415,-73.3579,4.04,51,0,2.57,US,1733158622
311,darwin,-12.4611,130.8418,28.27,88,100,0.51,AU,1733158767
312,remire-montjoly,4.9167,-52.2667,29.02,79,71,6.17,GF,1733158768
313,al jahra',29.3375,47.6581,16.62,40,81,3.56,KW,1733158769
314,bomdila,27.25,92.4,-1.29,81,8,3.2,IN,1733158770
315,gazojak,41.1875,61.4036,4.18,57,63,3.92,TM,1733158772
316,cockburn town,21.4612,-71.1419,27.07,70,57,1.87,TC,1733158601
317,livingston,55.9029,-3.5226,3.48,76,0,1.54,GB,1733158774
318,honcho,35.6931,139.9833,11.72,86,25,0.64,JP,1733158775
319,richards bay,-28.783,32.0377,21.17,87,100,5.12,ZA,1733158776
320,krasnoturansk,54.3186,91.5639,-7.0,95,100,1.09,RU,1733158777
321,saldanha,-33.0117,17.9442,21.03,89,66,5.81,ZA,1733158778
322,nyamuswa,-1.9,34.0167,18.1,90,76,0.51,TZ,1733158779
323,ola,59.5833,151.2833,-6.9,80,89,5.09,RU,1733158780
324,baiti,13.745,-14.7482,32.76,14,100,2.55,SN,1733158782
325,paradip garh,20.3167,86.6167,23.25,73,95,3.15,IN,1733158783
326,changji,44.0167,87.3167,1.44,86,75,3.0,CN,1733158784
327,kidal,18.4411,1.4078,25.51,9,41,3.73,ML,1733158789
328,alice town,25.7167,-79.3,23.08,63,56,9.88,BS,1733158790
329,vadso,70.0744,29.7487,-0.91,86,40,7.72,NO,1733158791
330,pucon,-39.2822,-71.9543,14.72,47,7,1.16,CL,1733158581
331,grahamstown,-33.3042,26.5328,16.82,76,91,3.28,ZA,1733158793
332,puerto deseado,-47.7503,-65.8938,10.85,53,98,12.63,AR,1733158794
333,dar chioukh,34.8964,3.4854,12.14,53,88,2.82,DZ,1733158795
334,codrington,-38.2667,141.9667,17.81,99,100,1.97,AU,1733158796
335,iola,37.9245,-95.4,1.09,69,0,8.23,US,1733158797
336,kristiansund,63.1115,7.732,1.18,86,75,5.66,NO,1733158799
337,taungdwingyi,20.0167,95.55,22.15,71,14,1.19,MM,1733158800
338,qamdo,31.1667,97.2333,-3.21,51,79,1.76,CN,1733158801
339,port saint john's,-31.6229,29.5448,20.01,85,99,1.65,ZA,1733158802
340,ambodifotatra,-16.9833,49.85,26.41,77,63,4.8,MG,1733158803
341,brisas de zicatela,15.8369,-97.0419,28.82,49,61,1.84,MX,1733158805
342,n'zeto,-7.2312,12.8666,27.16,80,23,3.63,AO,1733158806
343,beitbridge,-22.2167,30.0,33.73,18,0,4.2,ZW,1733158807
344,nuuk,64.1835,-51.7216,-0.66,74,75,2.57,GL,1733158808
345,turochak,52.2576,87.1224,-5.07,97,100,0.24,RU,1733158809
346,motygino,58.1831,94.7592,-13.27,98,99,1.15,RU,1733158810
347,santa rosa,14.3122,121.1114,26.16,99,91,3.81,PH,1733158811
348,kismayo,-0.3582,42.5454,26.99,76,79,6.11,SO,1733158812
349,plastun,44.7561,136.2939,-11.37,56,35,4.01,RU,1733158814
350,sevastopol,44.6,33.5333,6.67,55,6,1.21,UA,1733158815
351,segezha,63.7415,34.3222,3.7,85,100,8.66,RU,1733158785
352,vrangel',42.7297,133.0839,-5.93,47,3,6.66,RU,1733158817
353,luwuk,-0.9516,122.7875,23.7,80,94,1.84,ID,1733158818
354,torghay,49.6339,63.4981,-2.52,78,95,2.58,KZ,1733158819
355,coari,-4.085,-63.1414,38.19,30,100,1.48,BR,1733158820
356,jayapura,-2.5333,140.7,25.66,92,100,1.77,ID,1733158822
357,zemio,5.0314,25.1361,25.82,35,3,0.29,CF,1733158823
358,ust'-ilimsk,58.0006,102.6619,-26.94,95,30,1.73,RU,1733158824
359,makow mazowiecki,52.8649,21.1005,2.36,90,0,3.66,PL,1733158825
360,latnaya,51.6586,38.9011,0.94,88,91,2.37,RU,1733158826
361,mangrol,21.1167,70.1167,24.57,49,2,2.7,IN,1733158827
362,novoanninskiy,50.5287,42.6747,-2.47,94,100,2.82,RU,1733158828
363,anloga,5.7947,0.8973,28.34,72,2,6.01,GH,1733158830
364,san julian,21.0167,-102.1667,19.41,30,0,4.27,MX,1733158831
365,kiffa,16.6166,-11.4045,30.21,9,100,2.9,MR,1733158832
366,kaa-khem,51.6833,94.7333,-12.37,91,87,1.25,RU,1733158833
367,rampur,28.8167,79.0333,17.5,44,0,1.38,IN,1733158834
368,sur,22.5667,59.5289,24.25,64,0,4.88,OM,1733158835
369,fortaleza,-3.7227,-38.5247,31.07,15,40,6.17,BR,1733158603
370,miragoane,18.4423,-73.0876,27.58,70,84,2.01,HT,1733158837
371,ewo,-0.8725,14.8206,27.17,66,82,0.98,CG,1733158839
372,bandar-e genaveh,29.5791,50.517,18.14,43,49,6.45,IR,1733158840
373,inhambane,-23.865,35.3833,26.99,65,20,6.26,MZ,1733158841
374,strezhevoy,60.7333,77.5889,-11.4,99,97,2.37,RU,1733158842
375,manturovo,58.3353,44.7619,1.59,95,100,3.98,RU,1733158843
376,kassala,15.451,36.4,29.6,27,5,4.07,SD,1733158844
377,zhaotong,27.3167,103.7167,6.55,89,88,3.33,CN,1733158845
378,badger,64.8,-147.5333,-20.91,80,0,0.0,US,1733158847
379,coquimbo,-29.9533,-71.3436,18.85,59,0,6.69,CL,1733158811
380,carolina beach,34.0352,-77.8936,8.04,45,0,1.34,US,1733158550
381,sunchales,-30.944,-61.5615,26.7,30,1,3.49,AR,1733158850
382,sandnessjoen,66.0217,12.6316,0.23,74,40,7.2,NO,1733158851
383,rugaji,57.0,27.1333,1.93,91,55,4.65,LV,1733158852
384,palmer,42.1584,-72.3287,3.07,53,20,1.54,US,1733158853
385,susuman,62.7833,148.1667,-19.95,100,96,0.49,RU,1733158855
386,halle neustadt,51.4792,11.9161,4.26,88,90,4.52,DE,1733158856
387,holualoa,19.6228,-155.9522,20.31,73,0,3.09,US,1733158677
388,twin falls,42.3505,-114.6445,3.66,40,95,1.06,US,1733158858
389,onega,63.9061,38.1404,2.67,87,100,7.8,RU,1733158859
390,laguna,38.421,-121.4238,8.98,88,0,0.0,US,1733158860
391,khost,33.3395,69.9204,11.07,47,35,0.93,AF,1733158861
392,touros,-5.1989,-35.4608,29.49,64,26,5.82,BR,1733158862
393,surskoye,54.4821,46.7214,-0.73,93,100,3.25,RU,1733158864
394,banes,20.9625,-75.7186,26.6,73,91,4.81,CU,1733158865
395,gebeit,21.0667,36.3167,20.09,54,0,3.37,SD,1733158866
396,gainesville,29.6516,-82.3248,16.15,36,0,0.89,US,1733158583
397,eraan,9.0629,117.7016,25.92,89,100,1.21,PH,1733158868
398,riyadh,24.6877,46.7219,18.05,34,41,4.52,SA,1733158663
399,mount pearl,47.5166,-52.7813,5.81,83,54,3.58,CA,1733158871
400,dryden,49.7833,-92.7503,-10.84,92,100,2.06,CA,1733158873
401,irituia,-1.7711,-47.4381,33.21,43,79,2.13,BR,1733158874
402,barcelos,41.5388,-8.6151,14.06,91,65,2.28,PT,1733158827
403,constantia,44.1833,28.65,4.38,77,90,6.54,RO,1733158876
404,kasongo-lunda,-6.4667,16.8167,25.3,80,87,0.95,CD,1733158877
405,pisco,-13.7,-76.2167,21.03,83,20,3.6,PE,1733158878
406,den burg,53.0542,4.7972,9.99,87,75,5.14,NL,1733158880
407,trudovoye,43.3058,132.0817,-10.15,57,42,1.0,RU,1733158881
408,navoiy,40.0844,65.3792,1.71,93,33,2.06,UZ,1733158882
409,groningen,53.25,6.75,10.57,93,75,4.12,NL,1733158883
410,kupang,-10.1667,123.5833,29.32,94,75,1.03,ID,1733158884
411,kapa'a,22.0752,-159.319,22.97,78,42,3.81,US,1733158885
412,zaraza,9.3503,-65.3245,35.61,35,62,3.88,VE,1733158887
413,terrace,54.5163,-128.6035,1.95,100,100,0.0,CA,1733158889
414,kayangel,8.0823,134.7173,28.99,76,40,7.85,PW,1733158891
415,sorong,-0.8833,131.25,26.07,89,94,0.7,ID,1733158892
416,figuig (centre),32.1089,-1.2286,17.62,35,0,2.04,MA,1733158893
417,narvik,68.4384,17.4272,-4.0,87,100,3.45,NO,1733158694
418,mount gambier,-37.8333,140.7667,17.43,99,100,2.17,AU,1733158896
419,bikenibeu village,1.3673,173.1241,27.98,78,20,5.66,KI,1733158897
420,labrador city,52.9463,-66.9114,-5.46,73,75,5.14,CA,1733158899
421,iskateley,67.6803,53.1512,0.72,98,100,8.23,RU,1733158900
422,djenne,13.9061,-4.5533,31.09,11,96,2.64,ML,1733158839
423,kendari,-3.945,122.4989,25.83,90,100,1.16,ID,1733158903
424,lewistown,40.5992,-77.5714,1.45,79,100,3.09,US,1733158904
425,una,20.8167,71.0333,22.77,50,4,2.43,IN,1733158905
426,arteche,12.2645,125.4048,26.24,89,95,1.97,PH,1733158906
427,volchikha,52.0333,80.3833,-14.87,100,89,1.92,RU,1733158907
428,yoloten,37.2989,62.3597,5.94,53,8,2.32,TM,1733158908
429,severo-yeniseyskiy,60.3725,93.0408,-14.53,94,100,2.25,RU,1733158909
430,kedougou,12.5579,-12.1743,35.32,23,0,4.12,SN,1733158911
431,cabo san lucas,22.8909,-109.9124,25.98,59,6,1.79,MX,1733158912
432,cutral-co,-38.9469,-69.2089,19.93,13,0,6.98,AR,1733158907
433,macusani,-14.0833,-70.4333,11.01,56,92,1.93,PE,1733158914
434,clarksdale,34.2001,-90.5709,6.99,47,1,0.0,US,1733158915
435,belgaum,15.8667,74.5,21.33,90,97,1.7,IN,1733158916
436,saint-francois,46.4154,3.9054,10.69,94,75,2.06,FR,1733158917
437,vuktyl,63.8567,57.3094,1.25,99,100,6.58,RU,1733158918
438,igarra,7.2827,6.0878,30.0,30,4,0.71,NG,1733158920
439,sao joao da barra,-21.6403,-41.0511,35.05,86,99,7.18,BR,1733158921
440,inarajan village,13.2736,144.7484,27.22,91,63,8.08,GU,1733158922
441,altamira,-3.2033,-52.2064,32.05,62,40,3.6,BR,1733158642
442,san ignacio,17.1561,-89.0714,26.08,83,99,0.0,BZ,1733158924
443,jiangzi,28.95,89.6333,-6.55,46,0,2.75,CN,1733158925
444,paramirim,-13.4425,-42.2389,32.41,41,56,1.52,BR,1733158926
445,lucapa,-8.4192,20.7447,20.87,91,51,0.97,AO,1733158927
446,ghanzi,-21.5667,21.7833,30.43,16,41,2.05,BW,1733158929
447,saint joseph,39.7686,-94.8466,-0.22,61,75,9.77,US,1733158318
448,crane,31.3974,-102.3501,11.99,79,83,4.48,US,1733158931
449,caleta de carquin,-11.0925,-77.6267,22.33,74,100,3.8,PE,1733158932
450,smithers,54.7804,-127.1743,0.18,100,100,1.03,CA,1733158933
451,cambria,35.5641,-121.0808,15.08,54,56,1.51,US,1733158829
452,arkhangel'sk,64.5401,40.5433,5.06,100,100,6.0,RU,1733158936
453,eyl,7.9803,49.8164,25.61,73,23,8.25,SO,1733158937
454,yelizovo,53.1873,158.3805,6.08,52,75,3.0,RU,1733158808
455,shiqian,27.5225,108.2281,14.63,80,100,1.58,CN,1733158939
456,haiku-pauwela,20.9219,-156.3051,21.13,75,8,2.68,US,1733158940
457,alotau,-10.3069,150.4462,24.99,95,97,1.27,PG,1733158941
458,taulaga,-11.0553,-171.0883,28.21,78,95,8.2,AS,1733158942
459,klaksvik,62.2266,-6.589,0.01,59,100,4.88,FO,1733158944
460,okha,53.5739,142.9478,-3.22,89,98,3.65,RU,1733158946
461,mata-utu,-13.2816,-176.1745,27.87,78,70,6.37,WF,1733158947
462,ridder,50.355,83.5133,-2.82,97,100,1.44,KZ,1733158948
463,fort stockton,30.894,-102.8793,9.03,66,100,2.06,US,1733158949
464,kazanskoye,55.6448,69.235,-8.41,91,84,4.44,RU,1733158950
465,nuku'alofa,-21.1333,-175.2,25.19,100,75,1.54,TO,1733158951
466,yaren,-0.5472,166.916,28.07,71,58,7.35,NR,1733158953
467,merizo village,13.2658,144.6691,26.99,91,60,8.02,GU,1733158954
468,zhaodong,46.0833,125.9833,-18.32,87,28,3.67,CN,1733158955
469,ta`u,-14.2336,-169.5144,27.75,77,67,7.84,AS,1733158956
470,mochudi,-24.4167,26.15,37.33,11,41,2.61,BW,1733158957
471,kormilovka,55.0026,74.1028,-9.26,92,68,5.4,RU,1733158958
472,mweka,-4.85,21.5667,24.26,75,90,0.72,CD,1733158959
473,talnakh,69.4865,88.3972,-10.52,92,100,5.8,RU,1733158961
474,panaba,21.2833,-88.2667,25.82,57,3,7.22,MX,1733158962
475,cascais,38.6979,-9.4215,17.75,75,20,5.66,PT,1733158963
476,grand rapids,42.9634,-85.6681,-0.16,86,75,3.09,US,1733158510
477,ilha de mocambique,-15.0342,40.7358,26.73,65,2,4.04,MZ,1733158965
478,kailua-kona,19.6406,-155.9956,22.38,74,6,0.89,US,1733158828
479,villa gesell,-37.2639,-56.973,16.46,45,61,7.93,AR,1733158967
480,taltal,-25.4,-70.4833,19.82,66,43,4.26,CL,1733158821
481,manokwari,-0.8667,134.0833,26.39,80,100,1.34,ID,1733158970
482,garachico,28.7781,-17.7646,21.38,78,40,5.66,ES,1733158971
483,tevriz,57.509,72.4042,-4.78,94,100,2.97,RU,1733158972
484,stanley,54.868,-1.6985,3.62,84,20,5.14,GB,1733158965
485,suva,-18.1416,178.4415,22.71,100,75,1.54,FJ,1733158801
486,okahandja,-21.9833,16.9167,32.32,9,0,10.32,NA,1733158975
487,nurota,40.5614,65.6886,4.46,74,53,2.02,UZ,1733158918
488,hun,29.1268,15.9477,16.35,43,75,3.8,LY,1733158978
489,nakamura,32.9833,132.9333,10.09,93,0,1.75,JP,1733158979
490,saudarkrokur,65.7461,-19.6394,-8.29,73,97,3.66,IS,1733158980
491,komotini,41.1228,25.3964,8.92,79,100,1.34,GR,1733158981
492,xai-xai,-25.0519,33.6442,24.74,75,0,7.32,MZ,1733158982
493,pekan,3.4836,103.3996,24.73,94,100,2.46,MY,1733158894
494,musaffah,24.3458,54.5024,25.53,53,0,2.57,AE,1733158984
495,santiago de cuba,20.0247,-75.8219,29.23,68,100,2.39,CU,1733158985
496,cill airne,52.05,-9.5167,7.03,87,0,1.54,IE,1733158986
497,rongelap,11.1635,166.8941,28.0,78,92,10.33,MH,1733158988
498,champerico,14.3,-91.9167,28.4,59,97,1.74,GT,1733158989
499,castillos,-34.1667,-53.8333,21.36,43,23,6.45,UY,1733158990
500,khanapur,15.6333,74.5167,21.6,92,91,2.04,IN,1733158991
501,massakory,12.996,15.7293,25.93,15,10,4.39,TD,1733158992
502,somerset,40.5668,-74.5496,4.01,56,20,2.57,US,1733158993
503,al hazm,16.1641,44.7769,23.62,35,67,2.72,YE,1733158994
504,ziro,27.6333,93.8333,4.88,78,9,0.81,IN,1733158995
505,wynyard,-41.0,145.7167,16.77,86,100,5.81,AU,1733158997
506,bartica,6.4,-58.6167,27.71,84,97,2.52,GY,1733158998
507,queenstown,-31.8976,26.8753,18.31,69,55,4.95,ZA,1733158825
508,monterrey,25.6667,-100.3167,17.07,46,100,2.14,MX,1733158865
509,dwarka,22.2394,68.9678,25.11,54,4,4.93,IN,1733159001
510,khandyga,62.6667,135.6,-28.32,100,62,0.56,RU,1733159002
511,tornio,65.8481,24.1466,-0.99,79,83,3.56,FI,1733158979
512,pionerskiy,54.9508,20.2275,3.91,78,52,8.78,RU,1733159005
513,cide,41.8921,33.0044,8.2,83,2,3.96,TR,1733159006
514,preobrazheniye,42.9019,133.9064,-5.84,53,45,3.67,RU,1733159007
515,revda,56.801,59.9303,-1.91,91,100,5.13,RU,1733159008
516,monrovia,6.3005,-10.7969,28.38,67,9,5.18,LR,1733159009
517,rikaze,29.25,88.8833,-0.04,21,0,1.55,CN,1733159011
518,berdigestyakh,62.0989,126.6992,-22.8,98,100,1.42,RU,1733159012
519,karratha,-20.7377,116.8463,27.68,43,6,7.18,AU,1733159014
520,owen sound,44.5672,-80.9435,2.2,74,40,1.34,CA,1733159015
521,kruisfontein,-34.0033,24.7314,18.86,70,99,2.51,ZA,1733159016
522,maues,-3.3836,-57.7186,33.67,44,73,2.15,BR,1733158940
523,murun-kuren,49.6342,100.1625,-10.21,83,21,1.78,MN,1733159018
524,sao gabriel da cachoeira,-0.1303,-67.0892,31.89,66,40,2.57,BR,1733159019
525,chebarkul',54.9749,60.3633,-5.8,97,73,1.98,RU,1733159020
526,collie,-33.3667,116.15,14.48,81,98,2.94,AU,1733159022
527,jalai nur,49.45,117.7,-17.93,77,81,6.93,CN,1733159023
528,kirakira,-10.4544,161.9205,26.07,82,1,0.39,SB,1733159024
529,tezu,27.9167,96.1667,16.61,37,0,2.07,IN,1733159025
530,wewak,-3.5534,143.6268,25.4,90,99,2.11,PG,1733159026
531,galliano,29.4422,-90.2992,15.0,55,0,4.63,US,1733159027
532,boryslav,49.2867,23.4324,2.5,89,0,1.78,UA,1733159028
533,raychikhinsk,49.7838,129.4121,-26.56,100,93,1.71,RU,1733159029
534,porto novo,6.4965,2.6036,30.9,60,2,3.8,BJ,1733159030
535,minab,27.1467,57.0801,20.15,19,0,8.22,IR,1733159032
536,moama,-36.1167,144.7833,19.43,93,100,4.65,AU,1733159034
537,korla,41.7597,86.1469,0.22,61,51,0.66,CN,1733159035
538,calvinia,-31.4707,19.776,20.1,56,37,6.53,ZA,1733159036
539,aras-asan,8.8908,126.3033,25.45,91,77,1.19,PH,1733159037
540,garko,10.1751,11.1646,25.37,28,82,3.42,NG,1733159038
541,pemangkat,1.1667,108.9667,26.54,84,99,3.33,ID,1733159040
542,summerside,46.3959,-63.7876,1.07,64,10,4.12,CA,1733159041
543,casper,42.8666,-106.3131,4.33,45,0,9.77,US,1733159042
544,popondetta,-8.7537,148.2534,23.66,96,75,1.41,PG,1733159043
545,villa dolores,-31.9459,-65.1896,24.82,23,0,2.8,AR,1733159044
546,port lincoln,-34.7333,135.8667,16.42,84,46,7.5,AU,1733159045
547,saint-philippe,-21.3585,55.7679,24.24,83,52,4.91,RE,1733159046
548,port hedland,-20.3167,118.5667,27.03,74,6,5.14,AU,1733159047
549,inari,68.906,27.0288,-4.57,82,80,5.06,FI,1733158993
550,fortuna,40.5982,-124.1573,5.51,93,0,4.63,US,1733159050
551,buka,40.8108,69.1986,5.15,65,16,3.1,UZ,1733159051
552,quellon,-43.1167,-73.6167,12.46,58,43,6.13,CL,1733159052
553,akbarabad,29.2464,52.7793,9.75,39,5,0.86,IR,1733159053
554,paracale,14.2804,122.7881,25.54,90,100,2.45,PH,1733159054
555,lincoln city,44.9582,-124.0179,4.27,70,13,2.68,US,1733158860
556,loppi,60.7167,24.45,3.78,91,100,4.77,FI,1733159056
557,roosevelt,33.9668,-103.4505,9.66,50,5,3.98,US,1733158844
558,kharovsk,59.9642,40.1912,-0.56,87,56,4.4,RU,1733159059
559,kirensk,57.7853,108.1119,-32.91,99,23,0.62,RU,1733159060
560,matoury,4.8483,-52.3317,28.98,74,75,5.66,GF,1733159061
561,salta,-24.7859,-65.4117,19.33,52,100,1.03,AR,1733158740
562,jagodina,43.9814,21.2622,4.48,86,98,3.33,RS,1733159063
563,peace river,56.2501,-117.286,-11.83,97,100,4.63,CA,1733158841
564,itaqui,-29.1253,-56.5531,22.93,56,99,3.68,BR,1733159067
565,francisco i. madero,29.7059,-107.8043,15.36,19,95,1.45,MX,1733159068
566,santa cruz de tenerife,28.4682,-16.2546,25.4,57,100,0.89,ES,1733158862
567,linhares,-19.3911,-40.0722,32.0,57,83,3.94,BR,1733158815
568,tanggu,39.0211,117.6469,-4.02,28,72,2.78,CN,1733159073
569,khanty-mansiysk,61.0042,69.0019,-5.94,86,75,2.0,RU,1733159074
570,basco,20.4487,121.9702,26.01,72,71,10.82,PH,1733159075
571,al bawiti,28.3492,28.8659,15.94,46,0,4.48,EG,1733159077
572,khorixas,-20.3667,14.9667,30.11,16,0,9.08,NA,1733159078
573,lompoc,34.6391,-120.4579,16.19,51,86,1.36,US,1733159079
574,buchanan,5.8808,-10.0467,28.49,67,32,4.72,LR,1733159080
575,zakamensk,50.3741,103.2863,-13.0,80,98,1.18,RU,1733159081
576,altai,46.3722,96.2583,-8.53,70,100,0.89,MN,1733159083
577,salinas,36.6777,-121.6555,14.72,50,12,1.4,US,1733158843
578,punta del este,-34.9667,-54.95,19.06,79,40,9.39,UY,1733158904
579,baghdad,33.3406,44.4009,9.95,50,0,1.54,IQ,1733159024
580,beira,-19.8436,34.8389,28.05,69,0,4.12,MZ,1733159051
581,mlangali,-9.7833,34.5167,15.75,94,99,0.78,TZ,1733159088
582,rosarito,32.3333,-117.0333,15.51,54,9,2.79,MX,1733158804
583,kabansk,52.0486,106.6528,-15.44,89,5,2.02,RU,1733159090
584,sirjan,29.452,55.6814,6.22,29,0,2.52,IR,1733158991
585,taro,-8.3862,115.28,20.39,100,100,0.12,ID,1733159093
586,katsuura,35.1333,140.3,15.12,63,3,5.56,JP,1733158904
587,sinop,41.7711,34.8709,1.7,76,0,3.3,TR,1733159095
588,coalcoman de vazquez pallares,18.7833,-103.15,28.02,41,0,0.51,MX,1733159096
589,siparia,10.1333,-61.5,30.08,61,51,5.43,TT,1733159097
